Team,MadePlayoffs,Wins,Year,PointsFor,TotalYards,NumPlays,Yards/Play,TurnoversLost,FumblesLost,1stDownByPenalty,Total1stDowns,PassingCompletions,PassingAttempts,PassingCompPct,PassingYards,PassingTDs,Interceptions,NetYards/Attempt,Passing1stDowns,RushingAttempts,RushingYards,RushingTDs,Yards/Rush,Rushing1stDowns,Scoring%,TurnOver%
Denver Broncos,1,13,2013,606,7317,1156,6.3,26,16,35,435,461,675,68.3,5444,55,10,7.8,293,461,1873,16,4.1,107,47.5,10.4
Chicago Bears,0,8,2013,445,6109,1013,6,23,10,27,344,373,579,64.42,4281,32,13,7,215,404,1828,13,4.5,102,39,12.1
New England Patriots,1,12,2013,444,6152,1138,5.4,20,9,43,378,380,628,60.51,4087,25,11,6.1,225,470,2065,19,4.4,110,40.8,10
Philadelphia Eagles,1,10,2013,442,6676,1054,6.3,19,10,25,355,310,508,61.02,4110,32,9,7.4,197,500,2566,19,5.1,133,36.8,9
Dallas Cowboys,0,8,2013,439,5458,957,5.7,20,8,32,325,375,586,63.99,3954,33,12,6.4,213,336,1504,12,4.5,80,39.9,9.8
Cincinnati Bengals,1,11,2013,430,5891,1097,5.4,30,10,24,330,364,587,62.01,4136,33,20,6.7,205,481,1755,14,3.6,101,32.3,14.9
Kansas City Chiefs,1,11,2013,430,5396,1029,5.2,18,10,34,323,333,546,60.99,3340,24,8,5.7,179,442,2056,17,4.7,110,32,9.1
Green Bay Packers,1,8,2013,417,6404,1074,6,25,9,31,351,366,570,64.21,4268,25,16,6.9,201,459,2136,17,4.7,119,40.9,12.4
Seattle Seahawks,1,13,2013,417,5424,973,5.6,19,10,31,307,267,420,63.57,3236,27,9,7,160,509,2188,14,4.3,116,40.7,9.3
New Orleans Saints,1,11,2013,414,6391,1079,5.9,19,7,28,359,446,651,68.51,4918,39,12,7.1,244,391,1473,10,3.8,87,40.3,8.3
San Francisco 49ers,1,12,2013,406,5180,961,5.4,18,10,23,286,244,417,58.51,2979,21,8,6.5,148,505,2201,18,4.4,115,37.8,9
San Diego Chargers,1,9,2013,396,6293,1060,5.9,21,10,39,373,378,544,69.49,4328,32,11,7.5,230,486,1965,9,4,104,44.9,11.4
Detroit Lions,0,7,2013,395,6274,1102,5.7,34,15,23,350,371,634,58.52,4482,29,19,6.8,221,445,1792,15,4,106,32.1,17.3
Minnesota Vikings,0,5,2013,391,5508,1013,5.4,32,13,30,309,325,546,59.52,3427,18,19,5.8,173,423,2081,23,4.9,106,34.4,14.9
Indianapolis Colts,1,11,2013,391,5468,1023,5.3,14,4,39,318,350,582,60.14,3725,23,10,6.1,191,409,1743,15,4.3,88,38.8,6.9
Pittsburgh Steelers,0,8,2013,379,5400,1023,5.3,24,10,24,312,377,586,64.33,4017,28,14,6.4,207,394,1383,9,3.5,81,35.4,12.7
Arizona Cardinals,0,10,2013,379,5542,1037,5.3,31,9,40,329,363,574,63.24,4002,24,22,6.5,205,422,1540,12,3.6,84,33,15.5
Carolina Panthers,1,12,2013,366,5069,999,5.1,19,6,28,319,292,473,61.73,3043,24,13,5.9,169,483,2026,14,4.2,122,36.5,9.4
Tennessee Titans,0,7,2013,362,5390,1032,5.2,25,9,36,311,328,533,61.54,3496,22,16,6.1,172,462,1894,16,4.1,103,34.2,11.4
Atlanta Falcons,0,4,2013,353,5490,1024,5.4,28,11,39,330,445,659,67.53,4243,26,17,6,227,321,1247,11,3.9,64,34.1,14.5
St. Louis Rams,0,7,2013,348,4877,968,5,21,10,35,282,301,506,59.49,3125,22,11,5.8,165,426,1752,10,4.1,82,31.5,11.4
Buffalo Bills,0,6,2013,339,5410,1116,4.8,27,12,39,301,299,522,57.28,3103,16,15,5.4,149,546,2307,15,4.2,113,29.9,12.1
Washington Redskins,0,3,2013,334,5915,1107,5.3,34,15,19,329,355,611,58.1,3751,20,19,5.7,198,453,2164,14,4.8,112,27.6,16.6
Oakland Raiders,0,4,2013,322,5340,1000,5.3,31,11,17,275,298,519,57.42,3340,17,20,5.9,168,437,2000,16,4.6,90,27.8,14.9
Baltimore Ravens,0,8,2013,320,4918,1090,4.5,29,6,38,295,363,619,58.64,3590,19,23,5.4,189,423,1328,7,3.1,68,30.9,13.5
Miami Dolphins,0,8,2013,317,5007,1001,5,26,7,12,278,357,594,60.1,3567,24,19,5.5,205,349,1440,8,4.1,61,29.9,13.4
Cleveland Browns,0,4,2013,308,5423,1078,5,29,9,24,301,379,681,55.65,4040,26,20,5.5,200,348,1383,4,4,77,26.2,13.8
New York Giants,0,7,2013,294,4920,988,5,44,15,27,280,325,567,57.32,3588,18,29,5.9,176,381,1332,11,3.5,77,25.5,20.1
New York Jets,0,8,2013,290,5090,1020,5,29,7,21,280,266,480,55.42,2932,13,22,5.6,154,493,2158,12,4.4,105,29.6,14.8
Tampa Bay Buccaneers,0,4,2013,288,4432,981,4.5,21,9,37,269,291,514,56.61,2820,22,12,5,157,420,1612,6,3.8,75,27.1,9.6
Houston Texans,0,2,2013,276,5556,1089,5.1,31,9,19,307,371,633,58.61,3813,19,22,5.6,198,414,1743,7,4.2,90,25.9,14.9
Jacksonville Jaguars,0,4,2013,247,4701,1020,4.6,27,6,24,271,349,592,58.95,3441,16,21,5.4,176,378,1260,7,3.3,71,23.6,13.8
New England Patriots,1,12,2012,557,6846,1191,5.7,16,7,37,444,402,641,62.71,4662,34,9,7,256,523,2184,25,4.2,151,48.1,8.1
Denver Broncos,1,13,2012,481,6366,1090,5.8,25,14,36,380,402,588,68.37,4534,37,11,7.4,232,481,1832,12,3.8,112,39.9,12.2
New Orleans Saints,0,7,2012,461,6574,1067,6.2,24,5,21,352,423,671,63.04,4997,43,19,7.2,267,370,1577,10,4.3,64,37.4,12.1
Washington Redskins,1,10,2012,436,6131,994,6.2,14,6,26,341,291,442,65.84,3422,24,8,7.2,171,519,2709,22,5.2,144,39.3,7.7
Green Bay Packers,1,11,2012,433,5751,1042,5.5,16,8,43,341,374,558,67.03,4049,40,8,6.6,213,433,1702,9,3.9,85,37.6,8.1
New York Giants,0,9,2012,429,5687,968,5.9,21,6,37,327,323,539,59.93,3825,26,15,6.8,187,409,1862,18,4.6,103,43.8,11.9
Atlanta Falcons,1,13,2012,419,5906,1021,5.8,18,4,26,343,422,615,68.62,4509,32,14,7,247,378,1397,12,3.7,70,44,10.3
Houston Texans,1,12,2012,416,5953,1090,5.5,17,4,22,341,354,554,63.9,3830,22,13,6.6,205,508,2123,19,4.2,114,35.6,8.4
Seattle Seahawks,1,11,2012,412,5610,974,5.8,18,8,29,311,259,405,63.95,3031,27,10,6.9,153,536,2579,16,4.8,129,39.4,10
Baltimore Ravens,1,10,2012,398,5640,1042,5.4,16,5,34,314,334,560,59.64,3739,22,11,6.3,182,444,1901,17,4.3,98,35.8,7.8
San Francisco 49ers,1,11,2012,397,5789,969,6,16,8,22,322,289,436,66.28,3298,23,8,6.9,172,492,2491,17,5.1,128,39.3,7.9
Cincinnati Bengals,1,10,2012,391,5323,1016,5.2,26,10,24,292,335,540,62.04,3578,28,16,6.1,173,430,1745,11,4.1,95,35.4,12.8
Tampa Bay Buccaneers,0,7,2012,389,5820,1008,5.8,23,6,24,301,311,566,54.95,3983,27,17,6.7,188,416,1837,13,4.4,89,35.2,10.9
Minnesota Vikings,1,10,2012,379,5385,1001,5.4,23,11,30,306,300,483,62.11,2751,18,12,5.3,163,486,2634,16,5.4,113,37.9,12.6
Dallas Cowboys,0,8,2012,376,5994,1049,5.7,29,10,25,338,434,658,65.96,4729,29,19,6.8,237,355,1265,8,3.6,76,36.7,15
Chicago Bears,0,10,2012,375,4969,999,5,24,8,30,292,287,485,59.18,2999,21,16,5.7,163,470,1970,11,4.2,99,30.3,11.8
Detroit Lions,0,4,2012,372,6540,1160,5.6,33,16,26,382,445,740,60.14,4927,22,17,6.4,272,391,1613,17,4.1,84,36,15.2
Indianapolis Colts,1,11,2012,357,5799,1109,5.2,27,9,42,360,339,628,53.98,4128,23,18,6.2,208,440,1671,11,3.8,110,33.3,13.9
Carolina Panthers,0,7,2012,357,5771,988,5.8,22,10,34,328,284,490,57.96,3683,19,12,7,171,462,2088,21,4.5,123,32.6,10.3
San Diego Chargers,0,7,2012,350,4756,988,4.8,26,11,28,293,338,528,64.02,3295,26,15,5.7,184,411,1461,4,3.6,81,30.6,13.9
Buffalo Bills,0,6,2012,344,5486,983,5.6,34,17,22,301,309,511,60.47,3269,24,17,6,176,442,2217,12,5,103,30,17.4
Pittsburgh Steelers,0,8,2012,336,5324,1023,5.2,30,16,25,307,354,574,61.67,3787,27,14,6.2,202,412,1537,8,3.7,80,33.9,15.6
Tennessee Titans,0,6,2012,330,5010,957,5.2,28,12,24,260,318,540,58.89,3323,17,16,5.7,166,378,1687,10,4.5,70,27.7,14.9
Cleveland Browns,0,5,2012,302,5028,998,5,26,8,23,279,328,566,57.95,3435,16,18,5.7,185,396,1593,12,4,71,29.8,12
St. Louis Rams,0,7,2012,299,5264,1002,5.3,22,8,19,287,332,557,59.61,3550,22,14,6,189,410,1714,5,4.2,79,27.5,11
Oakland Raiders,0,4,2012,290,5504,1032,5.3,26,10,28,300,376,629,59.78,4084,24,16,6.2,200,376,1420,4,3.8,72,31.4,12.8
Miami Dolphins,0,7,2012,288,4984,981,5.1,26,13,37,288,293,504,58.13,3182,13,13,5.9,158,440,1802,15,4.1,93,27.4,12.9
New York Jets,0,6,2012,281,4787,1034,4.6,37,18,35,299,272,493,55.17,2891,14,19,5.4,162,494,1896,12,3.8,102,24.2,17.5
Philadelphia Eagles,0,4,2012,280,5665,1079,5.3,37,22,31,332,367,618,59.39,3791,18,15,5.7,190,413,1874,10,4.5,111,29.9,17.9
Jacksonville Jaguars,0,2,2012,255,4788,994,4.8,26,9,36,269,328,586,55.97,3419,20,17,5.4,157,358,1369,5,3.8,76,25.5,12.8
Arizona Cardinals,0,5,2012,250,4209,1018,4.1,34,13,20,246,337,608,55.43,3005,11,21,4.5,168,352,1204,10,3.4,58,22,14.8
Kansas City Chiefs,0,2,2012,211,5108,1015,5,37,17,24,286,273,475,57.47,2713,8,20,5.3,144,500,2395,9,4.8,118,24.2,18.8
Green Bay Packers,1,15,2011,560,6482,988,6.6,14,6,34,353,376,552,68.12,4924,51,8,8.3,230,395,1558,12,3.9,89,48.3,6.1
New Orleans Saints,1,13,2011,547,7474,1117,6.7,19,5,20,416,472,662,71.3,5347,46,14,7.8,280,431,2127,16,4.9,116,51.4,10.9
New England Patriots,1,13,2011,513,6848,1082,6.3,17,5,30,399,402,612,65.69,5084,39,12,7.9,262,438,1764,18,4,107,47.2,8.3
Detroit Lions,1,10,2011,474,6337,1058,6,23,7,34,349,423,666,63.51,4814,41,16,6.9,244,356,1523,9,4.3,71,37.6,10.7
Carolina Panthers,0,6,2011,406,6237,999,6.2,23,6,31,345,312,519,60.12,3829,21,17,6.9,175,445,2408,26,5.4,139,38.5,12.8
San Diego Chargers,0,8,2011,406,6290,1048,6,28,8,28,359,366,582,62.89,4426,27,20,7.2,234,436,1864,16,4.3,97,41.3,16.3
Atlanta Falcons,1,10,2011,402,6026,1073,5.6,21,8,34,349,365,594,61.45,4192,29,13,6.8,215,453,1834,14,4,100,37.4,10.7
Philadelphia Eagles,0,8,2011,396,6386,1036,6.2,38,13,25,356,330,554,59.57,4110,22,25,7,197,450,2276,20,5.1,134,34.7,17.9
New York Giants,1,9,2011,394,6161,1028,6,24,8,31,331,359,589,60.95,4734,29,16,7.7,216,411,1427,17,3.5,84,32.5,11.5
Houston Texans,1,10,2011,381,5954,1046,5.7,20,11,14,321,288,467,61.67,3506,20,9,7,176,546,2448,18,4.5,131,37.2,10.5
San Francisco 49ers,1,13,2011,380,4974,993,5,10,5,31,282,277,451,61.42,2930,18,5,5.9,150,498,2044,14,4.1,101,39.6,5.2
Baltimore Ravens,1,12,2011,378,5419,1036,5.2,24,12,33,312,314,544,57.72,3423,21,12,5.9,181,459,1996,15,4.3,98,35.5,11.8
New York Jets,0,8,2011,377,4989,1030,4.8,34,16,36,301,310,547,56.67,3297,26,18,5.6,173,443,1692,14,3.8,92,29.6,13.8
Buffalo Bills,0,6,2011,372,5624,992,5.7,30,5,33,313,356,578,61.59,3703,24,25,6.2,180,391,1921,12,4.9,100,31.2,15.9
Dallas Cowboys,0,8,2011,369,6008,1017,5.9,21,9,17,327,376,570,65.96,4201,33,12,6.9,219,408,1807,5,4.4,91,37.8,11.4
Oakland Raiders,0,8,2011,359,6072,1015,6,30,7,32,328,315,524,60.11,3962,20,23,7.2,186,466,2110,16,4.5,110,34.7,15.5
Chicago Bears,0,8,2011,353,5026,978,5.1,29,9,21,271,268,473,56.66,3011,18,20,5.8,153,456,2015,10,4.4,97,28.6,14.6
Cincinnati Bengals,1,9,2011,344,5118,1015,5,22,8,32,285,308,535,57.57,3340,21,14,6,160,455,1778,10,3.9,93,32.5,9.6
Minnesota Vikings,0,3,2011,340,5275,1007,5.2,26,9,20,297,286,510,56.08,2957,20,17,5.3,159,448,2318,18,5.2,118,31.7,13.2
Miami Dolphins,0,6,2011,329,5078,990,5.1,25,12,32,287,280,469,59.7,3091,20,13,5.9,166,469,1987,11,4.2,89,32.8,12.8
Tennessee Titans,0,9,2011,325,5361,984,5.4,22,8,25,281,353,584,60.45,3923,22,14,6.5,185,376,1438,8,3.8,71,31.4,11.7
Pittsburgh Steelers,1,12,2011,325,5957,1015,5.9,28,13,24,341,341,539,63.27,4054,21,15,7,221,434,1903,13,4.4,96,33.9,16.7
Seattle Seahawks,0,7,2011,321,4861,1003,4.8,23,9,23,265,299,509,58.74,3105,15,14,5.6,153,444,1756,15,4,89,27.8,11.6
Arizona Cardinals,0,8,2011,312,5192,993,5.2,32,9,28,286,307,550,55.82,3567,21,23,5.9,175,389,1625,12,4.2,83,26.1,15.6
Denver Broncos,1,8,2011,309,5066,1017,5,30,17,27,286,217,429,50.58,2434,20,13,5.2,130,546,2632,11,4.8,129,24.5,14.2
Washington Redskins,0,5,2011,288,5387,1032,5.2,35,11,29,312,346,591,58.54,3773,19,24,6,204,400,1614,8,4,79,30.9,18.6
Tampa Bay Buccaneers,0,4,2011,287,5108,966,5.3,40,16,23,277,365,588,62.07,3650,17,24,5.9,180,346,1458,9,4.2,74,28.7,20.4
Jacksonville Jaguars,0,5,2011,243,4149,1002,4.1,23,8,26,251,240,469,51.17,2179,12,15,4.2,122,489,1970,9,4,103,22.7,11.3
Indianapolis Colts,0,2,2011,243,4589,951,4.8,29,15,19,258,302,534,56.55,2995,14,14,5.3,170,382,1594,8,4.2,69,24.2,15.6
Cleveland Browns,0,4,2011,218,4621,1024,4.5,19,6,28,278,320,570,56.14,3090,16,13,5.1,173,415,1531,4,3.7,77,24.4,10
Kansas City Chiefs,0,7,2011,212,4973,1021,4.9,28,10,25,277,299,500,59.8,3080,13,18,5.8,163,487,1893,5,3.9,89,22.2,12.7
St. Louis Rams,0,2,2011,193,4537,1013,4.5,23,13,29,267,292,549,53.19,2870,9,10,4.8,159,409,1667,7,4.1,79,18.9,11.2
New England Patriots,1,14,2010,518,5820,986,5.9,10,5,20,335,331,507,65.29,3847,37,5,7.2,196,454,1973,19,4.3,119,47,5.4
San Diego Chargers,0,9,2010,441,6329,1039,6.1,29,16,27,357,359,544,65.99,4519,30,13,7.8,236,457,1810,18,4,94,40.3,14.5
Philadelphia Eagles,1,10,2010,439,6230,1038,6,25,12,17,322,348,561,62.03,3906,28,13,6.4,189,428,2324,18,5.4,116,39.8,11.7
Indianapolis Colts,1,10,2010,435,6092,1088,5.6,25,8,26,366,450,679,66.27,4609,33,17,6.6,253,393,1483,13,3.8,87,40.2,13.4
Atlanta Falcons,1,13,2010,414,5458,1097,5,17,8,42,353,361,577,62.56,3567,28,9,5.9,200,497,1891,14,3.8,111,39.3,9
Oakland Raiders,0,8,2010,410,5674,1039,5.5,26,10,34,306,279,491,56.82,3180,18,16,5.9,159,504,2494,19,4.9,113,34.5,11.8
New York Giants,0,10,2010,394,6085,1035,5.9,42,17,27,331,339,539,62.89,3885,31,25,7,192,480,2200,17,4.6,112,32.4,20.3
Dallas Cowboys,0,6,2010,394,5828,1035,5.6,30,11,22,327,379,576,65.8,4042,29,19,6.7,201,428,1786,10,4.2,104,34.6,14.8
Houston Texans,0,6,2010,390,6186,1029,6,18,6,20,360,365,574,63.59,4144,24,12,6.8,222,423,2042,20,4.8,118,39.7,10.1
Green Bay Packers,1,10,2010,388,5730,1000,5.7,22,9,20,312,352,541,65.06,4124,31,13,7.1,204,421,1606,11,3.8,88,35,10.9
New Orleans Saints,1,11,2010,384,5960,1067,5.6,31,9,21,351,450,661,68.08,4441,33,22,6.5,236,380,1519,9,4,94,38.5,16.7
Pittsburgh Steelers,1,12,2010,375,5525,993,5.6,18,9,14,295,298,479,62.21,3601,22,9,6.9,175,471,1924,15,4.1,106,36.9,9.5
New York Jets,1,11,2010,367,5616,1087,5.2,21,7,18,307,288,525,54.86,3242,20,14,5.9,171,534,2374,14,4.4,118,32.2,10.6
Kansas City Chiefs,1,10,2010,366,5595,1063,5.3,14,6,23,319,274,475,57.68,2968,27,8,5.9,167,556,2627,13,4.7,129,31.3,6.8
Detroit Lions,0,6,2010,362,5423,1064,5.1,25,9,22,304,383,633,60.51,3810,26,16,5.8,199,404,1613,11,4,83,32.1,12.4
Baltimore Ravens,1,12,2010,357,5166,1018,5.1,20,10,31,303,308,491,62.73,3335,25,10,6.3,175,487,1831,11,3.8,97,32.8,9.5
Tennessee Titans,0,6,2010,356,4834,907,5.3,29,14,24,252,273,474,57.59,3107,24,15,6.2,155,406,1727,13,4.3,73,33.2,14.7
Jacksonville Jaguars,0,8,2010,353,5460,1019,5.4,33,12,21,330,291,469,62.05,3065,26,21,6,161,512,2395,14,4.7,148,35,16.9
Denver Broncos,0,4,2010,344,5582,1018,5.5,27,15,24,309,334,580,57.59,4038,25,12,6.5,204,398,1544,13,3.9,81,30.6,11.7
Tampa Bay Buccaneers,0,10,2010,341,5362,955,5.6,19,13,19,288,306,494,61.94,3361,26,6,6.4,172,431,2001,9,4.6,97,33.7,9.3
Chicago Bears,1,11,2010,334,4631,936,4.9,31,10,24,263,276,466,59.23,3015,23,21,5.8,163,414,1616,10,3.9,76,29.3,15.7
Cincinnati Bengals,0,4,2010,322,5289,1046,5.1,34,14,26,317,365,590,61.86,3767,26,20,6.1,206,428,1522,8,3.6,85,30.5,16.3
Seattle Seahawks,1,7,2010,310,4765,964,4.9,31,11,20,260,324,544,59.56,3341,14,20,5.8,159,385,1424,13,3.7,81,26.5,14.8
San Francisco 49ers,0,6,2010,305,5013,945,5.3,23,8,17,251,282,500,56.4,3356,19,15,6.2,149,401,1657,10,4.1,85,26.8,11.1
Washington Redskins,0,6,2010,302,5392,1002,5.4,31,12,29,295,349,605,57.69,3931,21,19,6,194,351,1461,9,4.2,72,26.3,14.6
St. Louis Rams,0,7,2010,289,4846,1053,4.6,21,6,29,292,354,590,60,3268,18,15,5.2,179,429,1578,9,3.7,84,30.2,9.5
Arizona Cardinals,0,5,2010,289,4309,931,4.6,35,16,20,241,285,561,50.8,2921,10,19,4.8,154,320,1388,9,4.3,67,23.7,15.8
Buffalo Bills,0,4,2010,283,4878,954,5.1,39,18,15,263,296,519,57.03,3158,24,21,5.7,166,401,1720,6,4.3,82,25.3,19.2
Minnesota Vikings,0,6,2010,281,5039,982,5.1,37,11,26,289,305,505,60.4,3097,14,26,5.7,159,441,1942,16,4.4,104,24.9,19
Miami Dolphins,0,7,2010,273,5170,1040,5,31,10,20,300,335,557,60.14,3527,17,21,5.9,189,445,1643,8,3.7,91,29.7,15.7
Cleveland Browns,0,5,2010,271,4635,927,5,29,11,24,265,296,478,61.92,2989,13,18,5.8,154,413,1646,13,4,87,27.7,15.8
Carolina Panthers,0,2,2010,196,4135,962,4.3,37,16,22,225,256,484,52.89,2289,9,21,4.3,125,428,1846,7,4.3,78,20.8,17.8
New Orleans Saints,1,13,2009,510,6461,1032,6.3,28,16,18,348,378,544,69.49,4355,34,12,7.7,215,468,2106,21,4.5,115,41.6,13.5
Minnesota Vikings,1,12,2009,470,6074,1054,5.8,18,11,24,343,377,553,68.17,4156,34,7,7.1,220,467,1918,19,4.1,99,42,9
Green Bay Packers,1,11,2009,461,6065,1042,5.8,16,8,32,335,357,553,64.56,4180,30,8,6.9,201,438,1885,20,4.3,102,40.3,7.9
San Diego Chargers,1,13,2009,454,5761,972,5.9,17,7,28,330,338,519,65.13,4338,29,10,8,222,427,1423,17,3.3,80,45.9,9.4
Philadelphia Eagles,1,11,2009,429,5726,975,5.9,23,10,21,290,335,553,60.58,4089,27,13,6.9,182,384,1637,14,4.3,87,38,10.4
New England Patriots,1,10,2009,427,6357,1076,5.9,22,9,37,373,390,592,65.88,4436,28,13,7.3,222,466,1921,19,4.1,114,41,12.4
Indianapolis Colts,1,14,2009,416,5809,980,5.9,24,5,29,339,402,601,66.89,4515,34,19,7.4,241,366,1294,16,3.5,69,37.9,13.2
New York Giants,0,8,2009,402,5856,1017,5.8,31,17,26,323,338,542,62.36,4019,28,14,7,194,443,1837,14,4.1,103,37.7,15.3
Baltimore Ravens,1,9,2009,391,5619,1014,5.5,22,9,18,320,321,510,62.94,3419,21,13,6.3,187,468,2200,22,4.7,115,35,10.9
Houston Texans,0,9,2009,388,6129,1043,5.9,28,11,16,340,399,593,67.28,4654,29,17,7.5,231,425,1475,13,3.5,93,33.7,15
Arizona Cardinals,1,10,2009,375,5510,985,5.6,36,18,25,317,392,594,65.99,4016,27,18,6.5,215,365,1494,16,4.1,77,30.7,17.1
Pittsburgh Steelers,0,9,2009,368,5941,1014,5.9,25,11,25,331,351,536,65.49,4148,28,14,7.1,210,428,1793,10,4.2,96,35.5,12.6
Atlanta Falcons,0,9,2009,363,5447,1048,5.2,25,8,33,330,332,570,58.25,3571,26,17,6,192,451,1876,15,4.2,105,35.3,13.5
Dallas Cowboys,1,11,2009,361,6390,1020,6.3,19,10,22,335,347,550,63.09,4287,26,9,7.3,203,436,2103,14,4.8,110,33.5,9.5
Miami Dolphins,0,7,2009,360,5401,1088,5,29,10,16,333,331,545,60.73,3170,15,19,5.5,188,509,2231,22,4.4,129,34.3,15.5
Tennessee Titans,0,8,2009,354,5623,990,5.7,31,16,19,288,271,476,56.93,3031,16,15,6.2,154,499,2592,19,5.2,115,33.2,15
New York Jets,1,9,2009,348,5136,1030,5,30,9,17,280,210,393,53.44,2380,12,21,5.6,131,607,2756,21,4.5,132,31.8,15.2
San Francisco 49ers,0,8,2009,330,4652,939,5,24,10,24,238,312,528,59.09,3052,23,14,5.4,137,371,1600,12,4.3,77,27.6,10.2
Chicago Bears,0,7,2009,327,4965,971,5.1,34,7,21,262,340,563,60.39,3473,27,27,5.8,170,373,1492,6,4,71,29.5,16.6
Denver Broncos,0,8,2009,326,5463,1032,5.3,23,10,25,306,341,558,61.11,3627,21,13,6.1,186,440,1836,9,4.2,95,31.7,11.6
Carolina Panthers,0,8,2009,315,5297,1023,5.2,31,11,14,289,264,465,56.77,2799,16,20,5.6,152,525,2498,18,4.8,123,29,15
Cincinnati Bengals,1,10,2009,305,4946,1011,4.9,25,12,27,295,286,477,59.96,2890,21,13,5.7,159,505,2056,9,4.1,109,29.9,13
Kansas City Chiefs,0,4,2009,294,4851,1019,4.8,27,10,26,256,296,536,55.22,2922,18,17,5,139,438,1929,8,4.4,91,25.2,12.4
Jacksonville Jaguars,0,7,2009,290,5385,1010,5.3,23,13,16,300,315,519,60.69,3356,15,10,6,170,447,2029,19,4.5,114,29.5,12.5
Seattle Seahawks,0,5,2009,280,5069,1045,4.9,31,12,33,297,372,609,61.08,3503,20,19,5.4,184,395,1566,7,4,80,26.3,15.5
Washington Redskins,0,4,2009,266,5000,970,5.2,28,12,17,280,340,533,63.79,3490,21,16,6,191,391,1510,8,3.9,72,29.7,13.4
Detroit Lions,0,2,2009,262,4784,1037,4.6,41,9,31,281,316,585,54.02,3168,16,32,5,168,409,1616,9,4,82,23.7,20.1
Buffalo Bills,0,6,2009,258,4382,911,4.8,30,11,26,233,256,441,58.05,2515,17,19,5.2,126,424,1867,6,4.4,81,27.1,13.8
Cleveland Browns,0,5,2009,245,4163,971,4.3,31,13,17,237,219,443,49.44,2076,11,18,4.4,118,498,2087,10,4.2,102,23.3,16.4
Tampa Bay Buccaneers,0,3,2009,244,4600,961,4.8,34,5,18,246,279,524,53.24,2973,18,29,5.3,148,404,1627,5,4,80,20.1,17.5
Oakland Raiders,0,5,2009,197,4258,944,4.5,33,15,22,234,255,485,52.58,2557,10,18,4.8,131,410,1701,7,4.1,81,22.2,16.5
St. Louis Rams,0,1,2009,175,4470,998,4.5,33,12,21,259,312,543,57.46,2686,12,21,4.6,159,411,1784,4,4.3,79,19.3,16.6
New Orleans Saints,0,8,2008,463,6571,1047,6.3,26,8,19,354,413,636,64.94,4977,34,18,7.7,232,398,1594,20,4,103,42.7,14
San Diego Chargers,1,8,2008,439,5584,924,6,20,9,18,301,312,478,65.27,3858,34,11,7.7,191,421,1726,13,4.1,92,43.5,10.6
New York Giants,1,12,2008,427,5695,1021,5.6,13,3,32,338,298,491,60.69,3177,23,10,6.1,176,502,2518,19,5,130,43.8,7.3
Arizona Cardinals,1,9,2008,427,5852,998,5.9,30,15,25,328,418,630,66.35,4674,31,15,7.1,231,340,1178,14,3.5,72,39.3,15.7
Green Bay Packers,0,6,2008,419,5618,1012,5.6,21,8,18,299,343,541,63.4,3813,28,13,6.6,182,437,1805,11,4.1,99,36.9,11.2
Philadelphia Eagles,1,9,2008,416,5608,1056,5.3,26,10,20,318,362,606,59.74,3911,23,16,6.2,204,427,1697,15,4,94,35.5,11.5
Carolina Panthers,1,12,2008,414,5595,938,6,19,7,17,287,246,414,59.42,3158,15,12,7.3,152,504,2437,30,4.8,118,38,9.9
New England Patriots,0,11,2008,410,5847,1095,5.3,21,10,25,356,339,534,63.48,3569,21,11,6.1,186,513,2278,21,4.4,145,44.8,11.5
New York Jets,0,9,2008,405,5307,981,5.4,31,8,28,308,347,529,65.6,3303,22,23,5.9,186,422,2004,20,4.7,94,37.3,16.9
Atlanta Falcons,1,11,2008,391,5779,1011,5.7,21,10,25,313,265,434,61.06,3336,16,11,7.4,157,560,2443,23,4.4,131,39.7,10.3
Baltimore Ravens,1,11,2008,385,5184,1058,4.9,21,9,21,300,261,433,60.28,2808,16,12,6,147,592,2376,20,4,132,33,10.8
Minnesota Vikings,1,10,2008,379,5288,1014,5.2,31,14,23,292,267,452,59.07,2956,22,17,6,150,519,2332,15,4.5,119,34.7,14.7
Indianapolis Colts,1,12,2008,377,5368,969,5.5,17,5,21,321,393,585,67.18,4094,27,12,6.8,220,370,1274,13,3.4,80,40.7,10
Tennessee Titans,1,13,2008,375,5018,973,5.2,17,8,17,268,265,453,58.5,2819,13,9,6.1,143,508,2199,24,4.3,108,34.6,8.9
Chicago Bears,0,9,2008,375,4734,991,4.8,27,13,13,264,304,528,57.58,3061,20,14,5.5,153,434,1673,15,3.9,98,30.5,11.3
Denver Broncos,0,8,2008,370,6333,1019,6.2,30,12,28,354,386,620,62.26,4471,25,18,7.1,223,387,1862,15,4.8,103,38.9,17.4
Houston Texans,0,8,2008,366,6113,1019,6,32,12,24,340,367,555,66.13,4267,21,20,7.3,210,432,1846,16,4.3,106,38.2,17.3
Dallas Cowboys,0,9,2008,362,5512,979,5.6,33,13,18,291,328,547,59.96,3789,29,20,6.6,171,401,1723,12,4.3,102,32.1,16.3
Tampa Bay Buccaneers,0,9,2008,361,5456,1045,5.2,26,13,14,298,355,562,63.17,3619,18,13,6.1,184,451,1837,13,4.1,100,33.3,12.7
Pittsburgh Steelers,1,12,2008,347,4991,1015,4.9,25,10,18,290,303,506,59.88,3301,19,15,5.9,179,460,1690,16,3.7,93,32.6,12.6
Miami Dolphins,1,11,2008,345,5529,965,5.7,13,6,13,308,330,491,67.21,3632,20,7,7,184,448,1897,18,4.2,111,33.9,6.9
San Francisco 49ers,0,7,2008,339,4978,961,5.2,35,16,28,287,309,509,60.71,3379,21,19,6,176,397,1599,10,4,83,33,18.4
Buffalo Bills,0,7,2008,336,4882,956,5.1,30,15,13,287,309,479,64.51,3040,14,15,5.9,167,439,1842,16,4.2,107,34.1,16.5
Jacksonville Jaguars,0,5,2008,302,5106,1005,5.1,24,11,22,312,335,537,62.38,3332,15,13,5.8,183,426,1774,17,4.2,107,29.7,12.8
Seattle Seahawks,0,4,2008,294,4385,927,4.7,27,12,19,265,262,474,55.27,2617,18,15,5.1,142,417,1768,10,4.2,104,29.5,13.6
Kansas City Chiefs,0,2,2008,291,4939,957,5.2,24,8,18,273,310,541,57.3,3129,23,16,5.4,161,379,1810,9,4.8,94,27,12.4
Detroit Lions,0,0,2008,268,4292,913,4.7,29,10,21,234,281,509,55.21,2960,18,19,5.3,143,352,1332,10,3.8,70,26.2,15
Washington Redskins,0,8,2008,265,5120,1026,5,18,12,21,295,318,510,62.35,3025,14,6,5.5,165,478,2095,12,4.4,109,29.2,9.6
Oakland Raiders,0,5,2008,263,4356,919,4.7,23,12,15,225,222,421,52.73,2369,13,11,5.2,123,459,1987,9,4.3,87,24.6,11.8
St. Louis Rams,0,2,2008,232,4596,982,4.7,31,12,14,249,292,520,56.15,2947,11,19,5.2,140,417,1649,8,4,95,26.3,16.3
Cleveland Browns,0,4,2008,232,3985,921,4.3,26,6,22,233,238,488,48.77,2380,11,20,4.6,127,409,1605,6,3.9,84,27.3,14.5
Cincinnati Bengals,0,4,2008,204,3926,984,4,26,11,20,245,303,513,59.06,2406,11,15,4.3,145,420,1520,6,3.6,80,21,13.4
New England Patriots,1,16,2007,589,6580,1058,6.2,15,6,26,393,403,586,68.77,4731,50,9,7.8,243,451,1849,17,4.1,124,52.7,7.8
Dallas Cowboys,1,13,2007,455,5851,975,6,24,5,22,322,342,531,64.41,4105,36,19,7.4,217,419,1746,14,4.2,83,41.8,12.6
Indianapolis Colts,1,13,2007,450,5739,1020,5.6,19,5,26,357,355,551,64.43,4033,32,14,7,212,446,1706,19,3.8,119,44.6,11.4
Green Bay Packers,1,13,2007,435,5931,985,6,24,9,28,307,383,578,66.26,4334,30,15,7.3,210,388,1597,13,4.1,69,38.9,12.1
San Diego Chargers,1,11,2007,412,5044,980,5.1,24,8,16,278,281,471,59.66,3005,22,16,6.1,158,485,2039,19,4.2,104,34,12.6
Jacksonville Jaguars,1,11,2007,411,5719,1022,5.6,21,13,21,328,288,469,61.41,3328,28,8,6.7,180,522,2391,18,4.6,127,39.6,10.1
Arizona Cardinals,0,8,2007,404,5505,1016,5.4,36,12,28,308,356,590,60.34,4065,32,24,6.6,210,402,1440,9,3.6,70,32,18.3
Cleveland Browns,0,10,2007,402,5621,1004,5.6,29,9,13,315,305,545,55.96,3726,29,20,6.6,192,440,1895,13,4.3,110,35.4,14.6
Seattle Seahawks,1,10,2007,393,5583,1056,5.3,24,11,19,323,371,590,62.88,3964,30,13,6.3,211,430,1619,9,3.8,93,33.2,11.4
Pittsburgh Steelers,1,10,2007,393,5239,1000,5.2,22,8,11,298,282,442,63.8,3071,34,14,6.3,179,511,2168,9,4.2,108,37.7,11.4
Cincinnati Bengals,0,7,2007,380,5568,1008,5.5,30,10,26,320,373,575,64.87,4012,26,20,6.8,213,416,1556,10,3.7,81,37.9,15.3
Houston Texans,0,8,2007,379,5337,968,5.5,38,17,9,295,346,529,65.41,3751,24,21,6.8,190,417,1586,12,3.8,96,35.5,20.9
New Orleans Saints,0,7,2007,379,5780,1060,5.5,30,12,20,346,440,652,67.48,4314,28,18,6.5,232,392,1466,14,3.7,94,31.7,16.1
New York Giants,1,10,2007,373,5302,1041,5.1,34,14,35,321,302,544,55.51,3154,23,20,5.5,167,469,2148,15,4.6,119,32.3,17.5
Minnesota Vikings,0,8,2007,365,5379,964,5.6,30,16,24,294,249,432,57.64,2745,12,14,5.8,139,494,2634,22,5.3,131,28.4,15.3
Detroit Lions,0,7,2007,346,5166,965,5.4,36,14,27,303,368,587,62.69,3878,19,22,6,203,324,1288,13,4,73,32.3,18.5
Philadelphia Eagles,0,8,2007,336,5729,1047,5.5,27,12,19,323,350,577,60.66,3755,24,15,6,186,421,1974,12,4.7,118,34.1,13.2
Tampa Bay Buccaneers,1,9,2007,334,5229,975,5.4,20,12,21,281,316,490,64.49,3357,18,8,6.4,162,449,1872,15,4.2,98,33,9.7
Washington Redskins,1,9,2007,334,5334,1052,5.1,29,18,12,307,319,525,60.76,3463,18,11,6.3,192,498,1871,15,3.8,103,32.1,15
Chicago Bears,0,7,2007,334,4692,1035,4.5,34,13,24,266,327,569,57.47,3362,18,21,5.5,168,423,1330,8,3.1,74,27.8,15.1
Denver Broncos,0,7,2007,320,5541,976,5.7,29,14,22,305,326,515,63.3,3584,21,15,6.6,187,429,1957,10,4.6,96,32.8,14.7
Tennessee Titans,1,10,2007,301,4987,1037,4.8,34,17,17,306,288,464,62.07,2878,9,17,5.8,171,543,2109,17,3.9,118,32.3,16.9
Oakland Raiders,0,4,2007,283,4717,1000,4.7,37,17,23,267,260,451,57.65,2631,17,20,5.3,133,508,2086,11,4.1,111,26.7,17.3
Baltimore Ravens,0,5,2007,275,4832,1042,4.6,40,26,20,291,341,557,61.22,3035,13,14,5.1,175,446,1797,11,4,96,27.4,18.3
New York Jets,0,4,2007,268,4715,1011,4.7,25,6,21,286,310,512,60.55,3014,15,19,5.3,173,446,1701,6,3.8,92,29.2,14
Miami Dolphins,0,1,2007,267,4600,989,4.7,29,13,14,283,318,558,56.99,3031,12,16,5.1,162,389,1569,14,4,107,26.9,16
Carolina Panthers,0,7,2007,267,4559,989,4.6,29,12,28,255,285,505,56.44,2735,19,17,5.1,142,451,1824,7,4,85,26.5,13.8
St. Louis Rams,0,3,2007,263,4760,1026,4.6,37,9,23,281,333,574,58.01,3233,19,28,5.2,193,404,1527,5,3.8,65,24.9,18.7
Atlanta Falcons,0,4,2007,259,4813,987,4.9,24,9,14,248,336,555,60.54,3293,18,15,5.5,161,385,1520,7,3.9,73,26.3,12.4
Buffalo Bills,0,7,2007,252,4434,919,4.8,21,7,16,248,263,445,59.1,2634,12,14,5.6,141,448,1800,8,4,91,24.9,11.9
Kansas City Chiefs,0,4,2007,226,4429,1001,4.4,33,13,18,255,335,563,59.5,3181,17,20,5.1,171,383,1248,6,3.3,66,21.6,15.5
San Francisco 49ers,0,5,2007,219,3797,925,4.1,34,17,13,218,274,513,53.41,2320,15,17,4.1,140,357,1477,8,4.1,65,19.7,15.8
San Diego Chargers,1,14,2006,492,5840,1016,5.7,15,6,15,321,287,466,61.59,3262,24,9,6.6,169,522,2578,32,4.9,137,43.2,6.8
Indianapolis Colts,1,12,2006,427,6070,1011,6,19,10,23,376,362,557,64.99,4308,31,9,7.5,241,439,1762,17,4,112,47.4,10.9
Chicago Bears,1,13,2006,427,5199,1042,5,36,14,36,300,282,514,54.86,3281,24,22,6.1,161,503,1918,14,3.8,103,34.8,15.9
Dallas Cowboys,1,9,2006,425,5772,1015,5.7,30,9,32,336,310,506,61.26,3836,26,21,7.1,197,472,1936,21,4.1,107,38.1,15.3
New Orleans Saints,1,10,2006,413,6264,1075,5.8,23,10,24,330,372,580,64.14,4503,27,13,7.5,207,472,1761,19,3.7,99,36.8,12.1
Philadelphia Eagles,1,10,2006,398,6103,988,6.2,24,15,17,312,323,544,59.38,4119,31,9,7.2,189,416,1984,13,4.8,106,33.9,11.5
New England Patriots,1,12,2006,385,5369,1055,5.1,27,15,28,330,326,527,61.86,3400,25,12,6.1,181,499,1969,20,3.9,121,34.4,13.8
Cincinnati Bengals,0,8,2006,373,5462,994,5.5,24,11,25,313,327,523,62.52,3833,28,13,6.9,200,435,1629,14,3.7,88,35.6,12.2
Jacksonville Jaguars,0,8,2006,371,5423,989,5.5,23,9,19,293,266,446,59.64,2882,17,14,6.1,147,513,2541,23,5,127,35.1,11.2
St. Louis Rams,0,8,2006,367,5767,1065,5.4,18,10,26,332,371,592,62.67,3962,24,8,6.2,212,424,1805,13,4.3,94,37.7,8.7
New York Giants,1,8,2006,355,5214,1003,5.2,28,10,21,304,301,523,57.55,3058,24,18,5.6,163,455,2156,14,4.7,120,32.6,13.7
Baltimore Ravens,1,13,2006,353,5072,1017,5,23,9,17,282,328,524,62.6,3435,21,14,6.3,179,476,1637,11,3.4,86,31.3,11.5
Pittsburgh Steelers,0,8,2006,353,5725,1041,5.5,37,14,26,327,312,523,59.66,3733,23,23,6.5,201,469,1992,16,4.2,100,31.4,18.1
Seattle Seahawks,1,9,2006,335,4977,1045,4.8,34,12,33,312,292,512,57.03,3054,26,22,5.4,167,484,1923,8,4,112,29.9,17.3
Kansas City Chiefs,1,9,2006,331,5143,1004,5.1,26,14,21,310,272,450,60.44,3000,18,12,6.1,184,513,2143,17,4.2,105,32.4,12.6
Tennessee Titans,0,8,2006,324,4810,945,5.1,26,7,23,261,226,447,50.56,2596,13,19,5.5,133,469,2214,15,4.7,105,26.7,13.9
Denver Broncos,0,9,2006,319,4951,973,5.1,30,12,28,285,256,454,56.39,2799,20,18,5.8,151,488,2152,12,4.4,106,30.7,14.6
New York Jets,1,10,2006,316,4891,1013,4.8,25,9,29,289,313,488,64.14,3153,17,16,6,161,491,1738,15,3.5,99,31.8,13.6
Arizona Cardinals,0,5,2006,314,5000,999,5,30,13,27,298,322,545,59.08,3662,17,17,6.3,187,419,1338,12,3.2,84,32.2,15.3
Washington Redskins,0,5,2006,307,5243,979,5.4,17,7,22,295,274,470,58.3,3027,19,10,6.2,150,490,2216,13,4.5,123,30.2,9.5
Detroit Lions,0,3,2006,305,4949,963,5.1,39,17,29,290,372,596,62.42,3820,21,22,5.8,208,304,1129,9,3.7,53,31.9,21.1
Green Bay Packers,0,8,2006,301,5458,1085,5,33,15,23,301,350,630,55.56,3795,18,18,5.8,185,431,1663,9,3.9,93,26.6,16.1
Buffalo Bills,0,7,2006,300,4271,898,4.8,29,15,20,234,268,431,62.18,2719,19,14,5.7,132,420,1552,9,3.7,82,27.4,15.1
San Francisco 49ers,0,7,2006,298,4857,918,5.3,32,16,14,243,257,444,57.88,2685,16,16,5.6,132,438,2172,12,5,97,30.2,15.3
Atlanta Falcons,0,7,2006,292,5310,1000,5.3,20,5,20,287,222,416,53.37,2371,21,15,5.1,133,537,2939,9,5.5,134,28.8,10.9
Minnesota Vikings,0,6,2006,282,4943,1025,4.8,32,12,25,272,332,540,61.48,3123,13,20,5.4,160,442,1820,12,4.1,87,23.9,15.7
Carolina Panthers,0,8,2006,270,4923,994,5,27,10,20,278,325,539,60.3,3264,19,17,5.7,158,423,1659,7,3.9,100,25.4,12.7
Houston Texans,0,6,2006,267,4463,955,4.7,25,12,20,282,329,481,68.4,2778,14,13,5.3,156,431,1685,13,3.9,106,27.2,13.6
Miami Dolphins,0,6,2006,260,4960,1034,4.8,25,6,19,281,342,591,57.87,3287,16,19,5.2,180,402,1673,7,4.2,82,25.8,12.6
Cleveland Browns,0,4,2006,238,4233,938,4.5,42,17,25,250,318,512,62.11,2898,15,25,5.1,153,372,1335,7,3.6,72,22.9,21.3
Tampa Bay Buccaneers,0,4,2006,211,4321,972,4.4,32,14,22,237,296,535,55.33,2798,14,18,4.9,133,404,1523,6,3.8,82,19.5,16.3
Oakland Raiders,0,2,2006,168,3939,949,4.2,46,22,26,243,263,483,54.45,2420,7,24,4.4,144,394,1519,5,3.9,73,16.7,25
Seattle Seahawks,1,13,2005,452,5915,1020,5.8,17,7,27,361,307,474,64.77,3458,25,10,6.9,192,519,2457,29,4.7,142,38.9,8.1
Indianapolis Colts,1,14,2005,439,5799,1000,5.8,19,8,30,363,347,515,67.38,4096,31,11,7.7,217,465,1703,18,3.7,116,43.6,9.1
New York Giants,1,11,2005,422,5787,1055,5.5,25,8,34,312,294,558,52.69,3578,24,17,6.1,172,469,2209,17,4.7,106,37.8,11.4
Cincinnati Bengals,1,11,2005,421,5730,1018,5.6,20,6,30,342,362,538,67.29,3820,32,14,6.8,203,459,1910,15,4.2,109,41.9,11.2
San Diego Chargers,0,9,2005,418,5567,1022,5.4,28,12,30,337,338,526,64.26,3495,27,16,6.3,191,465,2072,22,4.5,116,39.3,13.5
Kansas City Chiefs,0,10,2005,403,6192,1059,5.8,23,13,27,347,317,507,62.52,3810,17,10,7.1,182,520,2382,26,4.6,138,38.3,11.5
Denver Broncos,1,13,2005,395,5766,1030,5.6,16,9,23,330,279,465,60,3227,18,7,6.6,162,542,2539,25,4.7,145,36,8.1
Carolina Panthers,1,11,2005,391,4950,964,5.1,26,10,39,278,269,449,59.91,3271,25,16,6.9,157,487,1679,17,3.4,82,35.8,12.6
Pittsburgh Steelers,1,11,2005,389,5149,960,5.4,23,9,33,297,228,379,60.16,2926,21,14,7.1,144,549,2223,21,4,120,36.1,10.9
New England Patriots,1,10,2005,379,5632,1031,5.5,24,9,29,334,352,564,62.41,4120,28,15,7,204,439,1512,16,3.4,101,34.8,13
St. Louis Rams,0,6,2005,363,5571,1025,5.4,37,13,23,314,392,599,65.44,4036,23,24,6.3,209,380,1535,13,4,82,32.3,18.5
Jacksonville Jaguars,1,12,2005,361,5149,1021,5,17,11,34,301,283,487,58.11,3190,21,6,6.1,170,502,1959,18,3.9,97,32.1,8.3
Washington Redskins,1,10,2005,359,5289,1037,5.1,27,16,21,301,278,481,57.8,3106,25,11,6.1,166,525,2183,15,4.2,114,29.7,13
Atlanta Falcons,0,8,2005,351,5225,1021,5.1,29,16,25,313,247,451,54.77,2679,19,13,5.5,149,531,2546,17,4.8,139,31.6,13.2
Dallas Cowboys,0,9,2005,325,5202,1071,4.9,31,14,44,318,300,500,60,3341,23,17,6.1,177,521,1861,13,3.6,97,28.9,15.5
Miami Dolphins,0,9,2005,318,5198,1026,5.1,30,14,22,274,291,556,52.34,3300,22,16,5.7,159,444,1898,11,4.3,93,28.7,14.4
Arizona Cardinals,0,5,2005,311,5575,1075,5.2,37,16,22,304,419,670,62.54,4437,21,21,6.2,224,360,1138,2,3.2,58,34,18
Philadelphia Eagles,0,6,2005,310,5109,1027,5,34,14,27,282,337,620,54.35,3677,21,20,5.6,182,365,1432,11,3.9,73,24.8,14.7
Minnesota Vikings,0,9,2005,306,4613,945,4.9,30,14,33,285,323,510,63.33,3146,18,16,5.6,169,381,1467,10,3.9,83,27.9,14.2
Tampa Bay Buccaneers,1,11,2005,300,4716,985,4.8,23,9,24,268,303,487,62.22,2890,17,14,5.5,161,457,1826,13,4,83,27.4,11.6
Tennessee Titans,0,4,2005,299,5122,1022,5,26,12,16,279,358,594,60.27,3597,20,14,5.8,191,397,1525,8,3.8,72,26.4,13.5
Green Bay Packers,0,4,2005,298,5118,1051,4.9,45,15,36,318,383,626,61.18,3766,20,30,5.8,206,398,1352,11,3.4,76,27,22.2
Oakland Raiders,0,4,2005,290,4951,997,5,23,9,25,294,316,591,53.47,3582,21,14,5.6,189,361,1369,11,3.8,80,28.4,11.5
Buffalo Bills,0,5,2005,271,4122,930,4.4,26,10,34,259,269,459,58.61,2515,18,16,5,129,428,1607,6,3.8,96,29.9,14.1
Baltimore Ravens,0,6,2005,265,4693,1056,4.4,36,15,26,286,335,562,59.61,3088,17,21,5.1,163,452,1605,5,3.6,97,27.2,18.3
Houston Texans,0,2,2005,260,4053,954,4.2,24,11,12,243,270,449,60.13,2237,15,13,4.3,142,437,1816,9,4.2,89,28.9,12.7
Chicago Bears,1,11,2005,260,4101,937,4.4,28,13,23,233,219,418,52.39,2002,11,15,4.5,111,488,2099,11,4.3,99,22.6,12.8
Detroit Lions,0,5,2005,254,4319,955,4.5,30,12,38,258,297,520,57.12,2848,15,18,5.2,151,404,1471,10,3.6,69,24.6,15.6
New York Jets,0,4,2005,240,3970,907,4.4,34,19,31,251,268,470,57.02,2642,11,15,5.1,146,384,1328,10,3.5,74,25.6,16.7
San Francisco 49ers,0,4,2005,239,3587,865,4.1,35,14,25,191,204,389,52.44,1898,8,21,4.3,96,428,1689,9,3.9,70,21.9,16.3
New Orleans Saints,0,3,2005,235,5031,1017,4.9,43,19,41,312,308,553,55.7,3343,15,24,5.6,182,423,1688,8,4,89,26.4,20.3
Cleveland Browns,0,6,2005,232,4550,938,4.9,30,13,16,241,297,497,59.76,3047,15,17,5.6,149,395,1503,4,3.8,76,25.8,16.9
Indianapolis Colts,1,12,2004,522,6475,968,6.7,17,7,47,379,353,527,66.98,4623,51,10,8.5,238,427,1852,10,4.3,94,46.3,9.7
Kansas City Chiefs,0,7,2004,483,6695,1089,6.1,27,10,32,398,370,561,65.95,4406,27,17,7.4,228,496,2289,31,4.6,138,41.2,14.3
San Diego Chargers,1,12,2004,446,5542,996,5.6,18,10,37,328,288,450,64,3357,29,8,7.1,160,525,2185,24,4.2,131,40.8,8.9
New England Patriots,1,14,2004,437,5722,1035,5.5,27,13,31,344,293,485,60.41,3588,29,14,7,193,524,2134,15,4.1,120,42.1,14.6
Green Bay Packers,1,10,2004,424,6357,1053,6,29,10,28,354,382,598,63.88,4449,36,19,7.3,228,441,1908,9,4.3,98,37.9,15.4
Minnesota Vikings,1,8,2004,405,6339,985,6.4,21,9,28,351,380,552,68.84,4516,39,12,7.6,225,387,1823,8,4.7,98,38.9,12
Buffalo Bills,0,9,2004,395,4691,982,4.8,29,12,20,271,262,461,56.83,2817,21,17,5.6,149,483,1874,15,3.9,102,32.1,14.4
Philadelphia Eagles,1,13,2004,386,5618,960,5.9,22,11,26,301,336,547,61.43,3979,32,11,6.8,188,376,1639,10,4.4,87,35.9,10.9
Denver Broncos,1,10,2004,381,6332,1070,5.9,29,9,40,351,303,521,58.16,3999,27,20,7.5,184,534,2333,13,4.4,127,36.1,14.7
Cincinnati Bengals,0,8,2004,374,5140,1004,5.1,32,10,21,286,324,536,60.45,3301,23,22,5.8,172,437,1839,14,4.2,93,31.7,15.8
Pittsburgh Steelers,1,15,2004,372,5184,1012,5.1,21,8,28,309,228,358,63.69,2720,20,13,6.9,147,618,2464,16,4,134,35.8,11.7
Seattle Seahawks,1,9,2004,371,5634,1034,5.4,27,9,21,320,304,532,57.14,3539,23,18,6.3,189,468,2095,17,4.5,110,32.6,14
Carolina Panthers,0,7,2004,355,5225,991,5.3,26,11,31,308,311,536,58.02,3643,29,15,6.4,192,422,1582,10,3.7,85,32.4,12.6
New Orleans Saints,0,8,2004,348,5193,989,5.3,26,10,32,291,309,542,57.01,3587,21,16,6.2,177,406,1606,15,4,82,30.1,13
Tennessee Titans,0,5,2004,344,5487,1053,5.2,31,12,23,308,356,589,60.44,3616,27,19,5.7,200,420,1871,12,4.5,85,29,15
Atlanta Falcons,1,11,2004,340,5084,969,5.2,30,14,31,284,217,395,54.94,2412,15,16,5.4,120,524,2672,20,5.1,133,28.8,15.8
New York Jets,1,10,2004,333,5438,996,5.5,16,5,15,313,282,438,64.38,3050,19,11,6.5,163,527,2388,15,4.5,135,33.3,8.6
Oakland Raiders,0,5,2004,320,5153,939,5.5,35,13,24,275,330,582,56.7,3858,24,22,6.3,176,327,1295,10,4,75,32.1,17.4
St. Louis Rams,1,8,2004,319,5877,1011,5.8,39,17,22,321,372,580,64.14,4253,23,22,6.8,203,381,1624,11,4.3,96,30.3,20.6
Baltimore Ravens,0,9,2004,317,4375,991,4.4,23,12,22,260,258,465,55.48,2312,13,11,4.6,135,491,2063,11,4.2,103,27.6,10.9
Houston Texans,0,7,2004,309,5128,1001,5.1,25,11,23,300,286,471,60.72,3246,16,14,6.2,174,481,1882,16,3.9,103,27.7,13.6
New York Giants,0,6,2004,303,4722,951,5,24,11,33,281,269,475,56.63,2818,12,13,5.3,143,424,1904,18,4.5,105,28.6,12.1
Tampa Bay Buccaneers,0,5,2004,301,4963,949,5.2,36,18,22,271,340,512,66.41,3474,24,18,6.2,175,393,1489,9,3.8,74,24.7,18.6
Detroit Lions,0,6,2004,296,4693,949,4.9,20,7,29,263,285,505,56.44,2916,19,13,5.4,142,407,1777,7,4.4,92,26.6,10.1
Dallas Cowboys,0,6,2004,293,5197,1004,5.2,37,14,24,296,308,519,59.34,3428,19,23,6.2,171,449,1769,14,3.9,101,28.3,19.3
Arizona Cardinals,0,6,2004,284,4550,1047,4.3,29,11,42,280,299,533,56.1,2882,14,18,5,152,475,1668,15,3.5,86,25.5,13.5
Cleveland Browns,0,4,2004,276,4481,921,4.9,40,19,26,245,251,439,57.18,2824,21,21,5.9,125,441,1657,6,3.8,94,25.8,18.2
Miami Dolphins,0,4,2004,275,4404,1022,4.3,42,16,31,267,309,586,52.73,3065,19,26,4.8,165,384,1339,10,3.5,71,22.9,18.6
Jacksonville Jaguars,0,9,2004,261,5009,991,5.1,22,11,30,279,305,513,59.45,3159,17,11,5.8,161,446,1850,9,4.1,88,28.1,11.8
San Francisco 49ers,0,2,2004,259,4585,1026,4.5,40,19,25,280,325,561,57.93,3136,16,21,5.1,172,413,1449,10,3.5,83,22,20
Washington Redskins,0,6,2004,240,4397,1023,4.3,27,10,22,269,288,514,56.03,2632,18,17,4.8,156,471,1765,6,3.7,91,21.7,13.1
Chicago Bears,0,5,2004,231,3816,967,3.9,37,21,25,230,249,471,52.87,2192,9,16,4.1,121,430,1624,10,3.8,84,16.4,16.4
Kansas City Chiefs,1,13,2003,484,5910,1003,5.9,18,6,27,348,339,536,63.25,3981,24,12,7.1,201,446,1929,32,4.3,120,38.3,8.5
Indianapolis Colts,1,12,2003,447,5874,1041,5.6,20,10,32,348,381,569,66.96,4179,29,10,7.1,212,453,1695,16,3.7,104,46.3,10.2
St. Louis Rams,1,12,2003,447,5457,1054,5.2,39,16,27,335,377,600,62.83,3961,23,23,6.2,211,411,1496,19,3.6,97,41.1,16.8
Green Bay Packers,1,10,2003,442,5798,999,5.8,32,11,22,315,310,473,65.54,3240,32,21,6.6,166,507,2558,18,5,127,38,15.6
Tennessee Titans,1,12,2003,435,5501,1013,5.4,21,12,15,310,315,502,62.75,3878,30,9,7.4,211,486,1623,11,3.3,84,39.4,9.6
Minnesota Vikings,0,9,2003,416,6294,1055,6,24,11,18,336,333,520,64.04,3951,32,13,7,194,493,2343,15,4.8,124,35.5,13.1
Seattle Seahawks,1,10,2003,404,5627,1017,5.5,29,13,27,338,317,521,60.84,3618,27,16,6.4,190,453,2009,17,4.4,121,36.2,13.5
Baltimore Ravens,1,10,2003,391,4929,1009,4.9,38,19,23,259,217,415,52.29,2255,16,19,4.9,121,552,2674,18,4.8,115,31.8,16.6
San Francisco 49ers,0,7,2003,384,5687,1038,5.5,25,10,23,313,299,511,58.51,3408,25,15,6.3,172,499,2279,16,4.6,118,35.1,12.4
Denver Broncos,1,10,2003,381,5598,1047,5.3,24,6,39,334,280,479,58.46,2969,19,18,5.9,162,543,2629,20,4.8,133,36.6,12
Philadelphia Eagles,1,12,2003,374,5035,944,5.3,22,11,41,302,279,484,57.64,3020,17,11,5.7,156,417,2015,23,4.8,105,34.2,10.2
New England Patriots,1,14,2003,348,5039,1042,4.8,24,11,26,294,320,537,59.59,3432,23,13,6,177,473,1607,9,3.4,91,27.9,11.3
Cincinnati Bengals,0,8,2003,346,5329,1038,5.1,22,7,31,313,324,520,62.31,3342,26,15,6,181,481,1987,12,4.1,101,33.3,11.1
New Orleans Saints,0,8,2003,340,5438,1019,5.3,28,20,25,302,314,535,58.69,3438,25,8,6,177,448,2000,11,4.5,100,31.2,14.5
Carolina Panthers,1,11,2003,325,5141,1008,5.1,31,15,24,284,270,460,58.7,3050,19,16,6.3,146,522,2091,9,4,114,30.8,14.9
San Diego Chargers,0,4,2003,313,5167,971,5.3,31,12,27,290,297,525,56.57,3021,21,19,5.5,146,417,2146,16,5.1,117,27.2,15.7
Miami Dolphins,0,10,2003,311,4609,968,4.8,34,15,22,266,257,450,57.11,2792,17,19,5.8,145,487,1817,14,3.7,99,28.1,17.2
Tampa Bay Buccaneers,0,7,2003,301,5453,1036,5.3,31,9,31,307,369,592,62.33,3805,27,22,6.2,190,421,1648,5,3.9,86,25.5,16
Pittsburgh Steelers,0,6,2003,300,4792,1020,4.7,28,11,24,275,306,532,57.52,3304,19,17,5.8,174,446,1488,10,3.3,77,27.1,13.5
Atlanta Falcons,0,5,2003,299,4357,930,4.7,31,10,26,252,230,460,50,2408,14,21,4.9,127,435,1949,17,4.5,99,24.9,12.9
Dallas Cowboys,1,10,2003,289,5161,1062,4.9,29,8,22,286,294,510,57.65,3162,17,21,5.8,149,515,1999,11,3.9,115,25.1,13.8
Washington Redskins,0,5,2003,287,4659,991,4.7,28,12,21,272,283,527,53.7,3006,21,16,5.3,156,421,1653,8,3.9,95,28.3,13.6
New York Jets,0,6,2003,283,4951,936,5.3,20,6,15,274,312,496,62.9,3316,20,14,6.3,181,409,1635,8,4,78,32.4,11.8
Chicago Bears,0,7,2003,283,4380,1001,4.4,29,9,17,264,271,515,52.62,2617,12,20,4.7,143,443,1763,13,4,104,27.4,14.5
Jacksonville Jaguars,0,5,2003,276,5358,1024,5.2,31,14,24,305,303,515,58.83,3285,17,17,6,163,481,2073,13,4.3,118,27.3,15.8
Detroit Lions,0,5,2003,270,4262,975,4.4,28,4,29,250,319,588,54.25,2924,17,24,4.9,152,376,1338,5,3.6,69,23.2,13.7
Oakland Raiders,0,4,2003,270,4573,987,4.6,26,12,20,258,278,521,53.36,2751,9,14,4.9,140,423,1822,15,4.3,98,24.3,12.2
Houston Texans,0,5,2003,255,4306,896,4.8,27,9,24,237,248,439,56.49,2655,14,18,5.6,127,421,1651,14,3.9,86,24.5,13.8
Cleveland Browns,0,5,2003,254,4504,961,4.7,33,15,32,276,313,509,61.49,2834,17,18,5.2,153,412,1670,8,4.1,91,26.7,17.2
Buffalo Bills,0,6,2003,243,4348,980,4.4,34,17,22,268,293,502,58.37,2684,11,17,4.9,150,427,1664,13,3.9,96,21.9,17.6
New York Giants,0,4,2003,243,4942,1047,4.7,38,18,26,300,344,616,55.84,3383,16,20,5.1,184,387,1559,6,4,90,21.4,18.4
Arizona Cardinals,0,4,2003,225,4490,981,4.6,36,14,29,256,303,534,56.74,2959,18,22,5.1,147,403,1531,5,3.8,80,22.2,18.4
